,25th Aban (CO),Enghelab (CO),Farshadi (CO),Feiz (CO),Kave (CO),Kerd abad (CO),Mirza Taher (CO),Rehnan (CO),Sanati University (CO),Veldan (CO),25th Aban (O3),Farshadi (O3),25th Aban (NO),Farshadi (NO),Feiz (NO),Kerd abad (NO),Sanati University (NO),Veldan (NO),25th Aban (NO2),Farshadi (NO2),Feiz (NO2),Kerd abad (NO2),Sanati University (NO2),Veldan (NO2),25th Aban (SO2),Enghelab (SO2),Farshadi (SO2),Feiz (SO2),Kave (SO2),Kerd abad (SO2),Mirza Taher (SO2),Rehnan (SO2),Sanati University (SO2),Veldan (SO2),Zamzam Park (PM10),Zeynabiye (PM10),25th Aban (PM2.5),Enghelab (PM2.5),Farshadi (PM2.5),Feiz (PM2.5),Kave (PM2.5),Kerd abad (PM2.5),Mirza Taher (PM2.5),Rehnan (PM2.5),Sanati University (PM2.5),SepahanShahr (PM2.5),Veldan (PM2.5),Zamzam Park (PM2.5),Zeynabiye (PM2.5)
25th Aban (CO),0,0.129451194,0.252259258,0.257883424,0.046926667,0.120411235,0.161566917,0.188112597,0.088393467,0.223173063,0.154459036,0.150540483,0.446390548,0.232115033,0.167028664,0.118512005,0.068583108,0.190924246,0.200657419,0.183242555,0.127535176,0.102654085,0.037018127,0.146526553,0.061066984,0.029983108,0.041536096,0.109718352,0.02118356,0.167773,0.042212017,0.032657615,0.017402598,0.056302758,0.07481302,0.109158165,0.099195553,0.045863371,0.060631441,0.055037374,0.055984603,0.04907771,0.022022136,0.050392144,0.019431316,0.016856972,0.068114031,0.027352551,0.040269314
Enghelab (CO),0.130396791,0,0.150140017,0.135739626,0.107155684,0.08069345,0.210167589,0.271286543,0.069932708,0.142685446,0.063058415,0.124829132,0.100438691,0.096538372,0.111541006,0.053346676,0.059321849,0.09592662,0.064552645,0.067119544,0.066177916,0.030790745,0.034134343,0.068545682,0.032179382,0.097736249,0.056186005,0.058976648,0.052591487,0.106981589,0.036758515,0.05111342,0.051542504,0.016642991,0.034824625,0.049055787,0.021869229,0.003852339,0.019028374,0.025356478,0.014738772,0.014707781,0.011602518,0.009901589,0.033014371,0.017662576,0.028057831,0.041624157,0.032470842
Farshadi (CO),0.248861849,0.15283147,0,0.579545387,0.040745416,0.399619261,0.190592592,0.133571889,0.198324492,0.564513528,0.241551474,0.483000902,0.231431941,0.503447031,0.338304474,0.265300101,0.106233811,0.283722749,0.119277768,0.337772004,0.244103224,0.168542039,0.113896283,0.27052408,0.064170572,0.03354346,0.055577483,0.06128283,0.047957702,0.103050526,0.025881911,0.030237785,0.069489798,0.03433643,0.09638789,0.13474399,0.132969002,0.076324553,0.131939609,0.112571744,0.087751176,0.110364791,0.070343875,0.078715141,0.08568624,0.091259594,0.135443426,0.145784424,0.175023199
Feiz (CO),0.261770374,0.13550908,0.588498535,0,0.036003838,0.357904761,0.236415444,0.170707324,0,0.538999373,0.203379788,0,0.230755834,0.346337413,0.590216528,0.313049532,0.101565483,0.324236508,0.131716025,0.343619204,0.375289749,0.230403404,0.135782731,0.33677509,0.047283539,0.009680138,0.041661987,0.066966112,0.02335781,0.089336873,0.035517269,0.02192069,0,0.068603915,0.056484397,0.093246825,0.127449922,0.10856175,0.137735478,0.165688803,0.116958587,0.153877922,0.063903158,0.091322485,0.023534427,0.03813258,0.12448885,0.068628791,0.096817484
Kave (CO),0.0465661,0.10492345,0.03879424,0.035739751,0,0.025478108,0.067159111,0.08954026,0.084025987,0.061540881,0.018675685,0.069370651,0.044029768,0.046824681,0.05786935,0.033705833,0.094664719,0.055043072,0.04949,0.049074895,0.047784256,0.039352629,0.076726676,0.05208705,0.040729377,0.051966722,0.058382271,0.120943013,0.106294527,0.103174146,0.048448151,0.020203257,0.086865787,0.041704208,0.029765784,0.048385225,0.012640253,0.011838712,0.011968114,0.010370237,0.005745304,0.003875914,0.008461765,0.00951326,0.038978514,0.04140508,0.018020769,0.020471356,0.03029807
Kerd abad (CO),0.11937798,0.078910754,0.398485474,0.35654795,0.024532623,0,0.152564198,0.106578517,0.155288874,0.312829362,0.252965411,0.320517339,0.177186458,0.305661437,0.30734712,0.510254486,0.112356042,0.249057882,0.088747201,0.131974863,0.153368383,0.238991549,0.076392667,0.129811158,0.081728412,0.022934911,0.061028337,0.090434367,0.042780402,0.166524065,0.049769292,0.033375512,0.082592514,0.042940492,0.107468463,0.115507119,0.088176403,0.063613723,0.095092675,0.112689146,0.072093332,0.163286084,0.063305403,0.070975995,0.064682428,0.069157084,0.112273829,0.144142118,0.140883431
Mirza Taher (CO),0.159757594,0.209769136,0.189326031,0.240924903,0.063949249,0.154564773,0,0.322280336,0.116418392,0.238750244,0.12226913,0.281413014,0.150665923,0.174850265,0.187969365,0.14811654,0.141964786,0.202638348,0.070849847,0.118110778,0.078350506,0.070021262,0.07441504,0.11696205,0.062251575,0.030841761,0.086885605,0.130092145,0.039029825,0.170199202,0.070807059,0.057469208,0.15212112,0.045030158,0.077870512,0.057994526,0.067957879,0.02903864,0.055800298,0.064566903,0.033575543,0.073710237,0.024736294,0.040040239,0.04417215,0.064318545,0.100818057,0.099763741,0.082320275
Rehnan (CO),0.187255757,0.270410803,0.134061733,0.170025102,0.086606933,0.110772849,0.318450494,0,0.101278728,0.195421121,0.070253286,0.113521469,0.129037548,0.09986813,0.093073334,0.065173883,0.093307788,0.122955815,0.043146169,0.090370123,0.061531336,0.05025157,0.030484555,0.095373765,0.040222317,0.034734555,0.061027204,0.087956391,0.02399031,0.106553742,0.048327298,0.064732085,0.06956818,0.038192162,0.06121193,0.060611855,0.025131318,0.011687852,0.008764676,0.017228744,0.015067361,0.018964395,0.014129378,0.019035265,0.028717369,0.041801727,0.036923741,0.033541258,0.038151345
Sanati University (CO),0.08341834,0.065967434,0.188750837,0,0.089749014,0.162014792,0.113946516,0.096782735,0,0.266866117,0.119186641,0.13590387,0.116076239,0.219237673,0.218785252,0.170340201,0.583261933,0.165800875,0.109443742,0.194308209,0.170586757,0.133584866,0.450021469,0.232456593,0.103606101,0.038175846,0.086380627,0,0.083982897,0,0.044877989,0.022298639,0.169412683,0.122633167,0.086579875,0.124319265,0.134074116,0.116471886,0.150273694,0.141259005,0.146237531,0.176553024,0.115683879,0.155579377,0.294607127,0.176034309,0.162599962,0.163488702,0.14561629
Veldan (CO),0.224797809,0.134857922,0.566432817,0.53623395,0.059538268,0.311381238,0.238237838,0.195277378,0.272976351,0,0.216623691,0.364643117,0.222732415,0.312372398,0.347191199,0.24110515,0.147829512,0.485268087,0.126595576,0.29393082,0.237281883,0.179653836,0.132857558,0.438489428,0.062533788,0.031070345,0.068775527,0.09857542,0.049424793,0.073847076,0.05303376,0.053243336,0.112897781,0.064914214,0.1129804,0.120534399,0.12861902,0.076801732,0.116008224,0.113591064,0.123099757,0.116231219,0.064775595,0.108588363,0.102594867,0.105853895,0.189231881,0.179896295,0.152995156
25th Aban (O3),0.155241626,0.062487417,0.243042327,0.202654177,0.018420823,0.253853049,0.122507631,0.070169079,0.118605118,0.217546421,0,0.924315224,0.335049336,0.29513813,0.273344877,0.235424811,0.092241019,0.214178156,0.14329175,0.212011991,0.137374377,0.144404584,0.067018319,0.181026477,0.089105231,0.024359064,0.041362793,0.102279138,0.022126842,0.125034427,0.022892895,0.018712596,0.064274843,0.041598746,0.047382804,0.049460789,0.083329255,0.03248501,0.073365267,0.061041705,0.067611768,0.081417837,0.039531695,0.047460463,0.050998652,0.031933642,0.071495155,0.106165005,0.114587467
Farshadi (O3),0.152056734,0.124575508,0.483712693,0,0.073400946,0.32118979,0.284135596,0.114753515,0.12978634,0.364705482,0.924444871,0,0.305146519,0.513989844,0.455170228,0.358837306,0.130316947,0.228555055,0.16047838,0.561543603,0.265180848,0.352053544,0.050420794,0.362977969,0.103563323,0.032425719,0.070558629,0,0.057307051,0,0.101271087,0.069220976,0.074899506,0.076040587,0.063618573,0.074495723,0.100670603,0.067479818,0.071648407,0.042792795,0.103132837,0.10222722,0.055519378,0.064348203,0.077089427,0.049894621,0.074597762,0.117038846,0.143737906
25th Aban (NO),0.447607611,0.100953657,0.231367276,0.230532458,0.044493852,0.177635988,0.149932556,0.130264047,0.115931194,0.223180646,0.33561783,0.305178038,0,0.745471152,0.540116186,0.432580717,0.086338369,0.598858973,0.500739195,0.50987162,0.389175846,0.307605905,0.034557207,0.443868527,0.117774017,0.072538787,0.091635811,0.162736897,0.049343648,0.341704407,0.060261482,0.107524286,0.027429072,0.144120361,0.049025215,0.055886252,0.121277155,0.051214002,0.084696543,0.088965966,0.051723508,0.091978476,0.020356772,0.086092026,0.040140082,0.024066231,0.097638897,0.059772217,0.073018851
Farshadi (NO),0.231867435,0.09687438,0.502338897,0.346939788,0.046281028,0.306952813,0.175247994,0.098930173,0.220529649,0.310389073,0.295486739,0.51385074,0.745648928,0,0.749257373,0.603325932,0.171639665,0.756581665,0.400212926,0.602715032,0.427608428,0.324576033,0.121182549,0.488266425,0.140735712,0.087019422,0.156039736,0.242673777,0.075794576,0.398458925,0.077247069,0.127140621,0.120702158,0.165767641,0.115617771,0.128413335,0.191971335,0.099305054,0.197818852,0.17176654,0.096040493,0.190530326,0.072479125,0.142990111,0.103089029,0.125467782,0.180420584,0.179391999,0.173331354
Feiz (NO),0.166650075,0.111531366,0.338879762,0.590402107,0.05755915,0.308365605,0.189181715,0.091825016,0.218481625,0.349236417,0.273511778,0.454989163,0.539211719,0.748517713,0,0.523546365,0.129045919,0.719038881,0.35318383,0.487382844,0.506013237,0.28003424,0.131179951,0.505248909,0.103106123,0.067543516,0.105685719,0.202456246,0.068463638,0.37400558,0.046271487,0.102496629,0.095425367,0.148518096,0.111211271,0.112380645,0.155998588,0.07109649,0.138664033,0.178502626,0.101218941,0.168427873,0.059219841,0.100608441,0.105024545,0.108563734,0.172936238,0.182918643,0.168845794
Kerd abad (NO),0.117794566,0.051735009,0.266706018,0.313528093,0.034241905,0.510531622,0.147708769,0.066394141,0.169104688,0.241769585,0.235147583,0.358922645,0.432051127,0.602393879,0.523912146,0,0.157686198,0.487353462,0.237056889,0.365826005,0.326272388,0.54631613,0.078133585,0.348935787,0.116644919,0.060101785,0.074870954,0.181963111,0.044272831,0.394225067,0.061593877,0.103990746,0.122259588,0.1430505,0.086936537,0.102701661,0.131874759,0.082128877,0.136835392,0.139164199,0.080887152,0.22326057,0.05172961,0.10778987,0.081473733,0.105959168,0.133786898,0.170265728,0.169508335
Sanati University (NO),0.070366863,0.062233437,0.105219146,0.097310019,0.098365759,0.108578268,0.14288739,0.091581296,0.588151899,0.147158347,0.09217977,0.130577966,0.086174469,0.172365336,0.129105915,0.157818359,0,0.204821553,0.05059791,0.111952626,0.119365794,0.100270312,0.572204294,0.130882718,0.103166394,0.068203727,0.103300038,0.032153944,0.050559246,0,0.104809674,0.017159203,0.212706509,0.176062813,0.074099713,0.096458995,0.10235348,0.101715285,0.119873868,0.131369958,0.104324847,0.119840032,0.070176088,0.093393577,0.144457448,0.141699419,0.112728532,0.088630028,0.119549912
Veldan (NO),0.19284776,0.093304045,0.281490113,0.323771587,0.055114062,0.248702139,0.20354352,0.124377977,0.164017419,0.487164669,0.2145521,0.228392556,0.59919094,0.756875973,0.71927839,0.4871185,0.205813446,0,0.371181223,0.451822201,0.395416816,0.261899504,0.155335078,0.522776135,0.099464901,0.082006278,0.111577667,0.193229358,0.060005279,0.356003771,0.059430281,0.139439193,0.113861448,0.168664618,0.128146912,0.117947312,0.166193667,0.097468951,0.141884846,0.14215025,0.114514695,0.161084256,0.079470776,0.13191907,0.095969927,0.116049117,0.202154678,0.146922708,0.149885867
25th Aban (NO2),0.198909332,0.063182519,0.120007363,0.131978722,0.049597525,0.089960015,0.069697597,0.043313191,0.106201596,0.127518875,0.142736359,0.160634473,0.501304001,0.39899734,0.352468712,0.236531933,0.050462129,0.370604951,0,0.504707919,0.412957594,0.289959296,0.066810706,0.475851112,0.049981582,0.056269025,0.078301634,0.149814095,0.046703826,0.253765078,0.053061628,0.095792708,0.025219036,0.116490506,0.034203297,0.061798744,0.073845391,0.035156613,0.059543218,0.060763628,0.028136474,0.057481987,0.007652267,0.058635694,0.05120608,0.03586817,0.058577422,0.038831679,0.053774662
Farshadi (NO2),0.183838365,0.066601566,0.337388785,0.342906476,0.048405524,0.130180646,0.115073075,0.089933752,0.196360461,0.292601269,0.212017934,0.560987524,0.510133395,0.602316537,0.487884935,0.36613956,0.111873959,0.451086538,0.50323967,0,0.659647366,0.641376837,0.101026102,0.842328817,0.058520824,0.069570191,0.088513798,0.206290251,0.070470152,0.375839309,0.130681249,0.098983044,0.071773702,0.172554722,0.07434172,0.104278872,0.125324689,0.054327772,0.106004287,0.087435898,0.048050887,0.099157919,0.026133944,0.077886869,0.08565127,0.072826553,0.104242086,0.134616236,0.133346412
Feiz (NO2),0.128858649,0.066118868,0.244631145,0.374790673,0.048159382,0.154170925,0.077081971,0.061342758,0.172629927,0.236168776,0.137271087,0.265042985,0.389008373,0.428117757,0.505080814,0.326835,0.119325645,0.394576283,0.413143864,0.659194919,0,0.450184143,0.134205203,0.665595955,0.043201855,0.054363713,0.063081951,0.146271235,0.038652193,0.286356727,0.056983158,0.087944942,0.073829742,0.144885994,0.105938706,0.110556719,0.10315012,0.043966554,0.093305437,0.083866019,0.044163649,0.092695608,0.017213288,0.070336537,0.080063083,0.08209371,0.092354547,0.162560028,0.152259791
Kerd abad (NO2),0.10375457,0.030142191,0.169190999,0.229019156,0.039210126,0.235840813,0.070464067,0.048607344,0.133135035,0.180411216,0.144002701,0.352366489,0.30733109,0.324949842,0.280077752,0.546971385,0.100565296,0.262083908,0.289562,0.641375672,0.450840599,0,0.074916788,0.52909235,0.055643492,0.059862457,0.042477035,0.167426905,0.070713005,0.353303454,0.125990462,0.08947888,0.091534363,0.136119406,0.061092135,0.071490087,0.102240183,0.034617884,0.088273165,0.084146449,0.043118938,0.112129522,0.015719537,0.0630285,0.051364266,0.066577461,0.082605326,0.134323251,0.113652424
Sanati University (NO2),0.038258075,0.031744524,0.106975351,0.139656035,0.076047204,0.07864478,0.072422232,0.032629272,0.450825933,0.131633974,0.067110735,0.050438091,0.034214537,0.121421614,0.13144794,0.078271497,0.572506583,0.155625776,0.067057367,0.101223631,0.13404935,0.075195237,0,0.15176766,0.07575534,0.047113401,0.054327148,0.034311211,0.094904504,0,0.037243966,0.011788236,0.145447887,0.070854834,0.067857722,0.095481063,0.094068349,0.084847336,0.112627038,0.097653265,0.111792996,0.10777827,0.072181384,0.092737427,0.175268774,0.125729911,0.103874129,0.100789028,0.117635949
Veldan (NO2),0.14614652,0.07007951,0.270951303,0.337336654,0.053411226,0.131201716,0.117851906,0.096120315,0.231038494,0.437754899,0.181215229,0.362639864,0.44510435,0.488112393,0.504691072,0.349373852,0.130593857,0.522769399,0.477298382,0.841314151,0.666257478,0.529024586,0.151628216,0,0.058212501,0.06380939,0.075435011,0.181648478,0.059840677,0.324406369,0.095420653,0.113672734,0.109259916,0.184368489,0.099746561,0.111554597,0.120358029,0.053290989,0.101970482,0.085088664,0.050268991,0.099611929,0.027687317,0.096419276,0.113460788,0.104297283,0.119706869,0.209624673,0.180316526
25th Aban (SO2),0.061774011,0.033074263,0.066145682,0.045615212,0.042056144,0.08247629,0.060411613,0.040644412,0.104576319,0.06249447,0.089579163,0.103890388,0.117870328,0.140911162,0.103195799,0.115212556,0.10372993,0.100190331,0.049422621,0.058119668,0.043640008,0.055336173,0.075109713,0.058339026,0,0.076636444,0.390467065,0.343547153,0.05286955,0.446788258,0.096874961,0.055101158,0.153913498,0.154568675,0.034419871,0.040000789,0.103696409,0.045980831,0.078567754,0.073980508,0.052910365,0.078720576,0.040774804,0.038578062,0.066372416,0.066352938,0.063367619,0.094404262,0.071026148
Enghelab (SO2),0.030781356,0.096160818,0.033049471,0.011215467,0.050302464,0.024155617,0.029997315,0.035090595,0.037244924,0.031201537,0.024863949,0.032551959,0.072549919,0.087840896,0.067502531,0.059044322,0.068488633,0.081148224,0.056525091,0.069444647,0.054417634,0.059220183,0.046964731,0.063456893,0.077032551,0,0.096402963,0.152646814,0.192738624,0.285719643,0.225757437,0.257373563,0.099034298,0.132557336,0.024199713,0.021263308,0.018238646,0.012699823,0.021357898,0.012392171,0.023841263,0.01442177,0.017262646,0.025518804,0.03042086,0.032206119,0.018909459,0.019871093,0.007503372
Farshadi (SO2),0.041587575,0.055189354,0.052662988,0.042370732,0.059051174,0.060826299,0.088289926,0.061259164,0.084497395,0.066264029,0.040533262,0.07142423,0.092495374,0.156080433,0.106003487,0.074010057,0.102916679,0.11056103,0.078785104,0.088363894,0.063819746,0.042760125,0.054526257,0.074433784,0.390393515,0.096344225,0,0.741957479,0.082949269,0.596087841,0.186175353,0.05963011,0.130680834,0.208263954,0.024407588,0.024804187,0.059404837,0.038339598,0.07925321,0.066644299,0.04403482,0.060027285,0.032717762,0.026287115,0.065543675,0.091804122,0.053867845,0.05603521,0.041239061
Feiz (SO2),0.111881834,0.058705777,0.059941878,0.067620372,0.121830194,0.091785014,0.131754856,0.088804676,0,0.099584183,0.101071568,0,0.161808925,0.243335944,0.20353046,0.180898118,0.034998467,0.191083989,0.1495685,0.20713255,0.146508362,0.167739852,0.032903113,0.181246934,0.343822779,0.153366113,0.74155058,0,0.111034652,0.727541226,0.296099265,0.133817843,0,0.570351482,0.074043726,0.078287923,0.081343703,0.039619439,0.090743769,0.110304604,0.039454733,0.072969048,0.052713359,0.052037807,0.058124058,0.085193675,0.07901648,0.118060814,0.110365733
Kave (SO2),0.021684178,0.054994714,0.04759853,0.025913398,0.105337845,0.04224379,0.038039524,0.025038662,0.085179022,0.049723579,0.022593349,0.057044304,0.048720455,0.075249379,0.06854997,0.045025547,0.049408204,0.060457483,0.046678266,0.070236796,0.038562485,0.070547319,0.094850871,0.059798497,0.053308796,0.192841326,0.083438018,0.111384612,0,0.094243797,0.223236472,0.145493911,0.104332121,0.058419728,0.043570847,0.07392438,0.04983097,0.016518367,0.057054826,0.049152785,0.038137312,0.03837774,0.03244551,0.024980038,0.065895524,0.061702163,0.061179061,0.048432442,0.064170723
Kerd abad (SO2),0.169024632,0.107760401,0.104427363,0.08725908,0.103318504,0.163922241,0.170373566,0.106659098,0,0.07306924,0.124918028,0,0.341451609,0.398053797,0.375735672,0.393145364,0,0.358053029,0.254132507,0.376273461,0.287128219,0.352728021,0,0.323846894,0.44641509,0.28601269,0.597982155,0.727721761,0.093694145,0,0.273486077,0.173634745,0,0.560995907,0,0,0.065012393,0.061581531,0.067264303,0.061667265,0.060140993,0.099410174,0.026425432,0.100880376,0.031516778,0.017590685,0.056881501,0,0
Mirza Taher (SO2),0.042648911,0.03832654,0.026640213,0.034327409,0.048803899,0.050291086,0.070686695,0.048930673,0.045402211,0.052015069,0.023023507,0.101812594,0.06082411,0.075644131,0.04641039,0.06179634,0.103445342,0.058245673,0.053108604,0.130967707,0.057147303,0.126286567,0.036420925,0.095595941,0.097183793,0.226195784,0.185904455,0.297081869,0.223606017,0.274188899,0,0.180506822,0.06352214,0.13834078,0.018262699,0.030070916,0.05157485,0.019948512,0.063770174,0.062459047,0.014703336,0.03553381,0.026573038,0.023773849,0.032173416,0.037365258,0.07166136,0.018788915,0.02645374
Rehnan (SO2),0.031624221,0.051397179,0.031814068,0.022851661,0.019536462,0.032873768,0.057502066,0.066526253,0.019296231,0.054104955,0.019012771,0.06952691,0.107017995,0.127115415,0.102544077,0.104234118,0.018654138,0.13800274,0.09575073,0.098584498,0.087872548,0.089306625,0.011364673,0.113804172,0.055201706,0.258057544,0.060024815,0.134772408,0.145529894,0.173950995,0.180971989,0,0.063929231,0.242682001,0.026448267,0.02126795,0.029538755,0.026226066,0.031372091,0.027802352,0.021912561,0.012975688,0.019507598,0.032707192,0.030948161,0.028622949,0.032177376,0.029498555,0.020670235
Sanati University (SO2),0.016583939,0.049809176,0.067075615,0,0.089280142,0.085521238,0.153761696,0.070102285,0.166260197,0.113360367,0.064050761,0.075345405,0.027953186,0.120644751,0.09616047,0.121637696,0.213510167,0.114957926,0.024873903,0.071645614,0.073944512,0.090966501,0.144819626,0.108812126,0.153944202,0.099429291,0.129603725,0,0.104410342,0,0.064421057,0.063567226,0,0.210049982,0.066294421,0.04532504,0.073956876,0.099841054,0.115902844,0.119632317,0.087083801,0.116778248,0.091358988,0.115239864,0.12038282,0.149786689,0.095993011,0.134603191,0.073013774
Veldan (SO2),0.057511086,0.017921436,0.031836938,0.068397669,0.043823004,0.04101622,0.042589615,0.036162563,0.119929719,0.068580212,0.041821491,0.077474644,0.14283075,0.164672741,0.14700025,0.143274278,0.176658964,0.170209182,0.117209036,0.172611333,0.14370816,0.13610774,0.07113631,0.184416597,0.154368895,0.132318042,0.206461711,0.569894518,0.059363998,0.562516768,0.140054488,0.242930313,0.208665732,0,0.044590503,0.03848533,0.057434788,0.044400916,0.056127978,0.046914877,0.038368418,0.049076834,0.029014894,0.05595541,0.066029227,0.091872622,0.052492334,0.059405475,0.038068065
Zamzam Park (PM10),0.074733059,0.034719735,0.095719432,0.059145264,0.029073161,0.105273706,0.077539562,0.061426165,0.086879509,0.111032727,0.047481399,0.063432773,0.049066329,0.11502359,0.110993753,0.086962044,0.074002487,0.128348593,0.034010243,0.07457988,0.105849588,0.061423283,0.067928507,0.099388192,0.034250484,0.024491128,0.024098948,0.07321564,0.043175945,0,0.018411443,0.026481721,0.066234527,0.044036426,0,0.448668672,0.30092055,0.235058232,0.3486114,0.302808452,0.2546177,0.240650846,0.238997462,0.288233373,0.23994726,0.27304327,0.333590656,0.606479721,0.318312737
Zeynabiye (PM10),0.10970089,0.05019611,0.133244436,0.093909097,0.048786368,0.117511493,0.056256498,0.060461903,0.12496973,0.118540493,0.049517128,0.074489656,0.056004182,0.128242343,0.112387528,0.102942569,0.096285973,0.1179449,0.06160728,0.104145912,0.110710404,0.071243697,0.095352087,0.111435511,0.040407895,0.021450838,0.025499127,0.076625765,0.073575741,0,0.030888006,0.021132083,0.045580861,0.038743661,0.448559604,0,0.282501024,0.187036099,0.26419705,0.237251543,0.271152893,0.221815136,0.165251827,0.23428589,0.224309353,0.203728065,0.25327374,0.207950111,0.622278788
25th Aban (PM2.5),0.102897489,0.0224569,0.131829009,0.131165238,0.012032769,0.090885365,0.07148199,0.02431948,0.135413205,0.133464234,0.082950858,0.100701694,0.122629246,0.192925554,0.155400498,0.13258316,0.101765797,0.165156202,0.074208648,0.126157065,0.102218885,0.104225673,0.093952157,0.119940813,0.101551321,0.018200484,0.059350505,0.080985843,0.047663137,0.063913333,0.053063676,0.028255564,0.073948987,0.056346106,0.300744153,0.282347269,0,0.294593642,0.863521578,0.675618155,0.401979015,0.593191137,0.273378653,0.312206272,0.431751815,0.473854734,0.74480015,0.371016947,0.385957466
Enghelab (PM2.5),0.045586426,0.005180308,0.076506998,0.10869459,0.011115061,0.064422087,0.029608216,0.010559304,0.116296098,0.077002072,0.032313762,0.067756873,0.051036448,0.099346709,0.070619568,0.081934004,0.101607611,0.097781698,0.035389389,0.054179346,0.043834941,0.034678623,0.084960486,0.053126272,0.046225461,0.013203014,0.038252167,0.039033989,0.01634007,0.061484682,0.020278134,0.02673558,0.099746857,0.045190122,0.23503776,0.187065758,0.295028304,0,0.361367155,0.353054775,0.352030283,0.297585392,0.401519821,0.351798472,0.294925035,0.369694852,0.274944892,0.245978884,0.187351225
Farshadi (PM2.5),0.057484349,0.019020984,0.129426651,0.134070687,0.011158087,0.098919836,0.058682326,0.008186342,0.151569153,0.118095243,0.073083082,0.072046946,0.084380267,0.195335652,0.137715696,0.137325309,0.119883338,0.141791296,0.058962586,0.104723273,0.093425303,0.089624891,0.112744761,0.099872459,0.078895733,0.022065933,0.078650351,0.092410002,0.057127676,0.067196302,0.064522183,0.031722786,0.116408004,0.055230393,0.348513599,0.264293303,0.86604149,0.360535283,0,0.87084082,0.411351939,0.673383241,0.317220697,0.339274438,0.453125011,0.586647864,0.713626477,0.467726466,0.42355177
Feiz (PM2.5),0.049073915,0.023074101,0.108848464,0.167442981,0.011990853,0.113199986,0.063790629,0.020598997,0.142146805,0.114026257,0.060977653,0.042779303,0.088577138,0.172636081,0.178689995,0.140872768,0.13071562,0.143925291,0.060423671,0.086350106,0.084856507,0.084736112,0.097879003,0.085867668,0.070339587,0.013160484,0.066133959,0.113069514,0.049471655,0.061528525,0.062838611,0.028374972,0.119934581,0.050295133,0.302394697,0.237395053,0.672742487,0.353613976,0.874167468,0,0.374822991,0.701242201,0.321231795,0.321324792,0.432439421,0.667697414,0.623242331,0.460577615,0.374390029
Kave (PM2.5),0.056117773,0.013400679,0.088391067,0.115401161,0.005385874,0.071634178,0.034084861,0.015190503,0.145629123,0.124416761,0.067378201,0.103087159,0.051599991,0.095775359,0.101618423,0.081189464,0.104827934,0.114607015,0.028196281,0.048092706,0.044087599,0.043066882,0.112046352,0.050375291,0.05250355,0.02385412,0.043522148,0.040114367,0.038168712,0.059748916,0.014847779,0.021921061,0.087843218,0.03789444,0.254470502,0.27117425,0.402042652,0.352142605,0.412029055,0.37400218,0,0.300660491,0.322303155,0.391672445,0.427009418,0.369956043,0.350373496,0.31662464,0.340135279
Kerd abad (PM2.5),0.054004234,0.014608773,0.112428112,0.149994252,0.004107623,0.166742518,0.072187121,0.019947553,0.176648577,0.120180673,0.082513903,0.102242071,0.091258491,0.189373014,0.168514507,0.22054823,0.119831643,0.158630955,0.058070149,0.099004301,0.092924699,0.112058282,0.107895565,0.100049764,0.077777685,0.012903828,0.058626272,0.07202643,0.039130016,0.100173415,0.034639868,0.014370854,0.118321701,0.046893085,0.240386844,0.222096959,0.596273874,0.297358062,0.675171341,0.695798091,0.301636581,0,0.242323946,0.255022444,0.356001779,0.51643702,0.554101558,0.365163825,0.385147246
Mirza Taher (PM2.5),0.023480737,0.011457457,0.069385128,0.063649455,0.009116071,0.063146853,0.025208771,0.014232752,0.115769338,0.065452038,0.039593386,0.055656115,0.020497409,0.072415998,0.059229391,0.051829804,0.070471001,0.079321554,0.007667712,0.026128894,0.017136736,0.015720446,0.071837019,0.028073527,0.040592336,0.017646933,0.033573384,0.052806597,0.032489648,0.026673365,0.026948434,0.019736219,0.092007856,0.029174639,0.239081444,0.165248632,0.273006267,0.40143543,0.316419178,0.320805661,0.322307763,0.241673138,0,0.331141511,0.276566664,0.324998212,0.299166424,0.256348651,0.169818806
Rehnan (PM2.5),0.048885815,0.008958995,0.078227881,0.090777056,0.009155396,0.071810855,0.041704897,0.017806638,0.154733899,0.107375933,0.047537275,0.064446576,0.086141609,0.143028735,0.100709817,0.107960229,0.093213934,0.131872435,0.058712695,0.077880825,0.070384867,0.063209914,0.092586778,0.096588092,0.039398498,0.025518131,0.026386595,0.051907847,0.024727663,0.100693673,0.02366834,0.032838455,0.114513435,0.056295692,0.288454219,0.234344057,0.31242394,0.351489759,0.341044511,0.322070083,0.391770407,0.254923658,0.331222181,0,0.365942019,0.374658466,0.339665,0.367027731,0.282300422
Sanati University (PM2.5),0.021283209,0.032202702,0.085673721,0.023593212,0.039976612,0.065494621,0.047052251,0.029871466,0.295433446,0.101426915,0.051058517,0.077327761,0.040208329,0.102226208,0.104928562,0.081233028,0.144805214,0.095961948,0.0514322,0.085361135,0.079903842,0.05136365,0.175473278,0.113887357,0.067117786,0.030169647,0.065001536,0.055412336,0.066526304,0.036360775,0.032310606,0.030899575,0.120179495,0.065130556,0.240086076,0.224238066,0.431698905,0.294771796,0.45340589,0.432266094,0.426915825,0.355896952,0.276625409,0.365460077,0,0.438981717,0.446815991,0.34951105,0.337259965
SepahanShahr (PM2.5),0.017786749,0.018563715,0.093315279,0.041367888,0.040328355,0.073578982,0.059887165,0.041546174,0.174230304,0.107821092,0.031820903,0.049416865,0.023821343,0.125191281,0.109429438,0.108102124,0.142026535,0.115740576,0.036039662,0.073544229,0.081799267,0.066857947,0.126132805,0.104743659,0.065713393,0.031469224,0.092230471,0.088555952,0.061958301,0.019576902,0.037610956,0.029066173,0.149479512,0.092311608,0.273064927,0.204105698,0.472899257,0.370837436,0.586775061,0.665844734,0.369639808,0.517041191,0.324657344,0.374427589,0.439105117,0,0.48621734,0.44060054,0.335157885
Veldan (PM2.5),0.066831908,0.029786504,0.135957963,0.120649478,0.016856605,0.113760582,0.098009516,0.035263225,0.162603753,0.188655538,0.071848375,0.074683237,0.095560807,0.18134438,0.171320881,0.132388939,0.113130122,0.204749902,0.059342956,0.10350423,0.092519004,0.082645477,0.104480018,0.119640766,0.06325714,0.018970615,0.053189823,0.076967819,0.061912306,0.05597582,0.072086101,0.031419233,0.096298592,0.052957453,0.333776413,0.253232564,0.749637556,0.274782032,0.7112058,0.623724197,0.352080323,0.550148067,0.299819262,0.34037083,0.446916674,0.486372788,0,0.474609353,0.373887996
Zamzam Park (PM2.5),0.027234505,0.041437765,0.14689293,0.065795249,0.022462688,0.142340243,0.10250291,0.034680161,0.162978004,0.179811875,0.106133541,0.117077793,0.059777847,0.179661521,0.182849399,0.17041701,0.088519141,0.147085082,0.038687176,0.134774884,0.162263953,0.134139016,0.100779792,0.20952134,0.094427382,0.02088444,0.056639747,0.117682425,0.047923267,0,0.019011614,0.029243207,0.134387004,0.057786733,0.606976923,0.207750702,0.371378639,0.245798777,0.468111571,0.460176054,0.316476434,0.365132849,0.25636715,0.366885672,0.349553115,0.439918214,0.474504893,0,0.442175189
Zeynabiye (PM2.5),0.037321321,0.032448215,0.175433331,0.092740715,0.028894505,0.14074911,0.081142099,0.036137689,0.144552411,0.156023635,0.114473119,0.143424797,0.073266957,0.17374265,0.168524019,0.169757932,0.119313548,0.149853151,0.053820192,0.133287067,0.152220118,0.11352926,0.117772856,0.180037017,0.070929645,0.00701815,0.041316334,0.110375196,0.064818849,0,0.026318802,0.020735958,0.072782649,0.037886088,0.318354694,0.622537668,0.385907047,0.187246334,0.423460406,0.374459531,0.340117224,0.385025531,0.169879924,0.282367331,0.337231107,0.334861578,0.373768353,0.442446406,0
